id,first_name,last_name,email,gender,ip_address
1,Melantha,Breznovic,mbreznovic0@blogtalkradio.com,Female,183.159.119.176
2,Inness,Brayshaw,ibrayshaw1@acquirethisname.com,Male,8.205.252.147
3,Goldia,Hasley,ghasley2@skype.com,Female,147.43.32.72
4,Oneida,Searight,osearight3@telegraph.co.uk,Female,23.17.0.192
5,Orlan,Paulin,opaulin4@statcounter.com,Male,8.75.106.22
6,Ina,Moakler,imoakler5@wordpress.com,Female,40.130.197.19
7,Dave,Spavins,dspavins6@histats.com,Male,41.20.200.210
8,Sigismond,Wilber,swilber7@1688.com,Male,127.128.141.99
9,Gerta,Crush,gcrush8@blinklist.com,Female,137.210.225.32
10,Skelly,Craister,scraister9@creativecommons.org,Male,40.192.162.197
11,Malia,Cockerham,mcockerhama@newsvine.com,Female,183.125.239.41
12,Lorraine,MacAlester,lmacalesterb@loc.gov,Female,77.5.196.15
13,Lay,Milillo,lmililloc@japanpost.jp,Male,0.185.108.173
14,Gonzalo,Standingford,gstandingfordd@baidu.com,Male,194.137.1.221
15,Gradeigh,Milsap,gmilsape@nba.com,Male,222.103.67.167
16,Marius,Ruppert,mruppertf@seattletimes.com,Male,250.174.91.247
17,Mallory,Roj,mrojg@purevolume.com,Genderfluid,179.105.223.148
18,Felice,Rushmere,frushmereh@linkedin.com,Genderqueer,222.168.231.32
19,Ximenes,Boult,xboulti@de.vu,Male,11.88.93.99
20,Marleah,Wheble,mwheblej@theatlantic.com,Female,78.235.10.177
21,Weider,Jandak,wjandakk@ebay.com,Male,86.124.223.6
22,Hewet,Jakobsson,hjakobssonl@tripod.com,Male,177.129.96.214
23,Lorettalorna,Eastbury,leastburym@hubpages.com,Female,58.101.132.178
24,Josselyn,Crotty,jcrottyn@issuu.com,Female,208.225.176.224
25,Bria,Georgelin,bgeorgelino@clickbank.net,Female,149.151.179.215
26,Mel,Carlan,mcarlanp@yellowbook.com,Male,90.168.69.59
27,Minda,Wordley,mwordleyq@artisteer.com,Bigender,236.231.88.87
28,Garald,Abbets,gabbetsr@patch.com,Male,218.28.109.105
29,Turner,Gadesby,tgadesbys@techcrunch.com,Male,151.116.203.42
30,Creight,Sara,csarat@blog.com,Male,118.181.73.203
31,Fawne,Hargrave,fhargraveu@hibu.com,Female,79.105.193.93
32,Nickolaus,Quene,nquenev@simplemachines.org,Male,14.193.245.175
33,Iago,Olfert,iolfertw@google.de,Male,142.207.100.67
34,Daisey,Cutajar,dcutajarx@mapy.cz,Female,83.28.123.219
35,Miles,Macia,mmaciay@ucsd.edu,Male,104.97.27.253
36,Andonis,Robelin,arobelinz@ftc.gov,Genderfluid,186.9.45.31
37,Chip,Kippins,ckippins10@twitpic.com,Male,4.42.178.197
38,Mickie,Brugman,mbrugman11@cnet.com,Polygender,57.70.32.42
39,Vilma,Pecha,vpecha12@tmall.com,Female,59.193.227.246
40,Amitie,O'Scollain,aoscollain13@photobucket.com,Agender,63.127.135.109
41,Avram,Laverenz,alaverenz14@posterous.com,Male,54.182.233.47
42,Nap,Chisholme,nchisholme15@wsj.com,Male,40.51.241.104
43,Laverne,Mullett,lmullett16@github.io,Female,15.131.207.163
44,Cari,Crowne,ccrowne17@live.com,Female,138.242.131.141
45,Lainey,Aslam,laslam18@discuz.net,Female,133.148.195.136
46,Vivienne,Jodlkowski,vjodlkowski19@wikispaces.com,Genderfluid,178.79.79.98
47,Kamillah,McConway,kmcconway1a@chron.com,Female,22.95.38.232
48,Reggy,Haveline,rhaveline1b@youtu.be,Male,68.202.75.187
49,Frasier,Swiffan,fswiffan1c@tinypic.com,Male,47.105.101.174
50,Cristobal,Trynor,ctrynor1d@godaddy.com,Male,117.82.82.254
51,Dore,Crotch,dcrotch1e@pcworld.com,Female,222.121.98.195
52,Frederique,Waddup,fwaddup1f@wiley.com,Genderqueer,2.33.74.138
53,Gottfried,Skryne,gskryne1g@arstechnica.com,Male,136.175.113.168
54,Brittney,Conechie,bconechie1h@cocolog-nifty.com,Female,138.109.78.162
55,Tybie,Guerry,tguerry1i@unc.edu,Female,177.92.34.241
56,Trixy,Fost,tfost1j@cargocollective.com,Female,133.195.84.208
57,Dilan,Duffree,dduffree1k@ezinearticles.com,Male,48.15.28.231
58,Eli,Boosey,eboosey1l@diigo.com,Male,85.12.40.255
59,Caralie,Gilbert,cgilbert1m@discovery.com,Female,133.44.176.103
60,Decca,Milbourn,dmilbourn1n@g.co,Male,135.0.180.178
61,Lorrie,Mathwin,lmathwin1o@stumbleupon.com,Non-binary,23.159.235.167
62,Shem,Arson,sarson1p@weather.com,Male,222.33.175.235
63,Lira,Monahan,lmonahan1q@google.ca,Non-binary,112.87.55.222
64,Inesita,Yokley,iyokley1r@webeden.co.uk,Female,18.17.188.155
65,Virgil,Le Franc,vlefranc1s@berkeley.edu,Male,18.115.123.82
66,Alana,Rack,arack1t@uiuc.edu,Female,216.83.90.123
67,Bronson,Braganca,bbraganca1u@privacy.gov.au,Bigender,202.28.159.204
68,Barris,Yashaev,byashaev1v@delicious.com,Male,72.104.152.56
69,Simonette,Luetkemeyers,sluetkemeyers1w@imgur.com,Genderfluid,65.98.62.163
70,Dunc,Breed,dbreed1x@eepurl.com,Male,157.42.56.64
71,Ancell,Totterdell,atotterdell1y@acquirethisname.com,Male,174.233.0.187
72,Isa,Ledstone,iledstone1z@nsw.gov.au,Male,158.238.9.158
73,Sheila-kathryn,Allnatt,sallnatt20@aol.com,Female,53.123.17.155
74,Dede,Roubottom,droubottom21@virginia.edu,Female,103.21.59.114
75,Meier,Gimblett,mgimblett22@businessweek.com,Male,124.254.216.233
76,Hulda,Di Franceshci,hdifranceshci23@istockphoto.com,Female,62.227.191.62
77,Catha,Hardbattle,chardbattle24@domainmarket.com,Female,122.31.255.153
78,Cassi,Jerrans,cjerrans25@skype.com,Female,225.30.84.173
79,Dorotea,Wisham,dwisham26@fastcompany.com,Female,45.118.127.110
80,Theresita,Brantl,tbrantl27@microsoft.com,Female,52.203.21.23
81,Ricoriki,Murrhaupt,rmurrhaupt28@tmall.com,Male,229.219.191.210
82,Marabel,Djokovic,mdjokovic29@cargocollective.com,Female,242.202.129.156
83,Kellen,Rome,krome2a@yellowpages.com,Male,6.55.112.229
84,Karlotta,Hassan,khassan2b@wunderground.com,Bigender,245.247.108.69
85,Brady,Orris,borris2c@illinois.edu,Male,103.199.210.6
86,Missy,Jeffery,mjeffery2d@washingtonpost.com,Female,70.128.145.121
87,Joelie,Pymar,jpymar2e@youku.com,Female,81.245.115.17
88,Koren,Douglass,kdouglass2f@wikispaces.com,Polygender,118.175.250.14
89,Brigid,MacCoughan,bmaccoughan2g@psu.edu,Female,161.219.249.123
90,Liza,Beeble,lbeeble2h@theatlantic.com,Female,193.13.166.236
91,Marcel,Geraldini,mgeraldini2i@t.co,Male,189.142.55.138
92,Pierrette,Niland,pniland2j@theguardian.com,Female,103.91.220.70
93,Jorrie,Schild,jschild2k@eventbrite.com,Female,220.7.87.11
94,Dimitry,Radford,dradford2l@wordpress.com,Male,178.93.15.121
95,Broddy,Laurisch,blaurisch2m@usatoday.com,Male,88.234.174.198
96,Elisha,Ledrun,eledrun2n@ibm.com,Female,207.254.171.143
97,Elmore,Redholls,eredholls2o@apple.com,Male,80.109.98.152
98,Derron,MacCosto,dmaccosto2p@github.io,Male,110.57.241.255
99,Brander,Dobbie,bdobbie2q@fda.gov,Male,81.52.41.159
100,Karoly,Castle,kcastle2r@japanpost.jp,Male,187.27.99.35
101,Koren,Benda,kbenda2s@hugedomains.com,Bigender,146.68.24.245
102,Alberto,Syddon,asyddon2t@sourceforge.net,Male,216.78.13.88
103,Lukas,Feasley,lfeasley2u@macromedia.com,Male,197.81.75.240
104,Jamal,Dwerryhouse,jdwerryhouse2v@youtu.be,Male,71.78.100.105
105,Mia,Ravel,mravel2w@yelp.com,Female,191.110.239.115
106,Darice,Opfer,dopfer2x@joomla.org,Female,157.149.54.123
107,Silvain,Joerning,sjoerning2y@plala.or.jp,Male,221.14.117.197
108,Emmery,Rosterne,erosterne2z@phpbb.com,Male,86.234.51.152
109,Stanwood,Stennard,sstennard30@hatena.ne.jp,Male,30.0.73.201
110,Brody,Matfield,bmatfield31@va.gov,Male,2.75.12.19
111,Minne,Lucus,mlucus32@t-online.de,Female,66.151.66.87
112,Cammy,Tregenna,ctregenna33@boston.com,Female,143.156.241.226
113,Franz,Floyed,ffloyed34@vk.com,Polygender,209.157.185.212
114,Mame,Yushmanov,myushmanov35@naver.com,Female,139.110.127.180
115,Theodora,Cotherill,tcotherill36@accuweather.com,Female,42.221.18.81
116,Jarvis,Spawton,jspawton37@redcross.org,Male,53.213.187.0
117,Sybil,Codron,scodron38@umn.edu,Female,234.190.41.99
118,Mendie,Linch,mlinch39@etsy.com,Male,174.187.95.198
119,Grazia,Mixter,gmixter3a@surveymonkey.com,Female,27.59.246.230
120,Alden,Slaney,aslaney3b@prweb.com,Male,88.221.243.21
121,Brandise,Hubberstey,bhubberstey3c@ameblo.jp,Female,241.227.182.121
122,Luis,Adshead,ladshead3d@ameblo.jp,Male,41.124.134.107
123,Georgianne,Kilgrew,gkilgrew3e@ustream.tv,Female,82.85.192.64
124,Ingrim,Gard,igard3f@bluehost.com,Male,4.206.241.123
125,Ivonne,Waitland,iwaitland3g@goo.gl,Female,42.137.20.111
126,Horatia,Bassano,hbassano3h@phpbb.com,Polygender,44.73.166.176
127,Daron,Drains,ddrains3i@miitbeian.gov.cn,Female,181.200.199.205
128,Rinaldo,Blagbrough,rblagbrough3j@jugem.jp,Male,1.53.192.118
129,Jerrine,Dallman,jdallman3k@issuu.com,Female,191.103.239.75
130,Ernaline,Walsh,ewalsh3l@shutterfly.com,Female,240.215.172.199
131,Sherye,Horwell,shorwell3m@exblog.jp,Female,192.160.105.36
132,Ephraim,Kytter,ekytter3n@ca.gov,Male,128.144.113.169
133,Martyn,Simpole,msimpole3o@fema.gov,Male,135.24.97.75
134,Bernardo,Latchford,blatchford3p@reuters.com,Male,154.206.111.176
135,Fiorenze,Seary,fseary3q@sina.com.cn,Female,164.191.130.253
136,Adriana,Filippazzo,afilippazzo3r@domainmarket.com,Female,218.102.196.115
137,Keith,Adcocks,kadcocks3s@nifty.com,Male,196.57.184.132
138,Ernaline,Hatter,ehatter3t@tinyurl.com,Female,21.232.189.78
139,Clyve,Guerreru,cguerreru3u@nifty.com,Male,134.233.36.153
140,Mattheus,De Bruyne,mdebruyne3v@mysql.com,Male,185.203.149.128
141,Rhonda,Possek,rpossek3w@fema.gov,Female,112.244.148.228
142,Sterling,Coxen,scoxen3x@google.de,Male,250.187.204.22
143,Nickie,Belson,nbelson3y@example.com,Male,234.19.248.152
144,Jenda,Gray,jgray3z@apple.com,Female,96.87.114.32
145,Serge,Heake,sheake40@telegraph.co.uk,Male,22.174.230.48
146,Inga,Ridsdole,iridsdole41@privacy.gov.au,Female,2.52.54.154
147,Belvia,Michin,bmichin42@spotify.com,Female,124.160.124.15
148,Loretta,William,lwilliam43@cocolog-nifty.com,Female,181.7.243.230
149,Archibaldo,Bour,abour44@squarespace.com,Male,217.47.154.88
150,Evelyn,Pearce,epearce45@ebay.co.uk,Male,229.10.253.78
151,Barnabe,Vardey,bvardey46@tiny.cc,Male,253.114.81.252
152,Xaviera,Priditt,xpriditt47@salon.com,Female,70.96.245.66
153,Helaina,Emmet,hemmet48@accuweather.com,Female,29.220.35.63
154,Letti,Escoffier,lescoffier49@sbwire.com,Female,156.1.22.5
155,Jo,Bellenie,jbellenie4a@hibu.com,Female,3.227.242.194
156,Tome,Pedersen,tpedersen4b@bluehost.com,Male,0.54.42.0
157,Franny,Lindbergh,flindbergh4c@deliciousdays.com,Male,210.54.9.71
158,Lottie,Vedeneev,lvedeneev4d@home.pl,Female,53.26.24.50
159,Dionisio,Merton,dmerton4e@shutterfly.com,Male,36.92.131.32
160,Giffy,Forsdike,gforsdike4f@i2i.jp,Male,22.1.72.102
161,Virginia,MacConchie,vmacconchie4g@t.co,Female,13.249.34.227
162,Amory,Lowten,alowten4h@cbslocal.com,Male,160.181.119.244
163,Amara,Firpi,afirpi4i@free.fr,Female,175.243.66.152
164,Fredericka,Sivess,fsivess4j@businesswire.com,Female,225.90.6.241
165,Allan,Kegley,akegley4k@liveinternet.ru,Genderfluid,113.74.78.122
166,Corbin,Zupo,czupo4l@w3.org,Male,234.94.227.126
167,Allyson,Castletine,acastletine4m@mysql.com,Female,204.91.92.199
168,Godart,Canas,gcanas4n@yandex.ru,Male,68.214.19.151
169,Lin,Hart,lhart4o@dropbox.com,Male,149.40.229.34
170,Saundra,Caudwell,scaudwell4p@prweb.com,Male,205.249.179.183
171,Matt,Danovich,mdanovich4q@hostgator.com,Male,235.12.126.132
172,Torey,Boleyn,tboleyn4r@opensource.org,Male,187.109.8.142
173,Marco,Cuss,mcuss4s@hud.gov,Male,190.13.29.172
174,Rhetta,Satch,rsatch4t@stumbleupon.com,Female,138.123.227.51
175,Keelby,Vedeshkin,kvedeshkin4u@creativecommons.org,Male,225.238.39.245
176,Deirdre,Anslow,danslow4v@skyrock.com,Female,20.110.65.225
177,Britta,Patterson,bpatterson4w@google.es,Female,202.155.0.37
178,Zacherie,Couch,zcouch4x@blinklist.com,Male,35.219.170.243
179,Ericka,MacCall,emaccall4y@jalbum.net,Female,137.119.112.234
180,Gilli,Clayill,gclayill4z@webnode.com,Bigender,118.253.200.231
181,Luce,Goose,lgoose50@japanpost.jp,Male,191.87.111.208
182,Johnath,Stapells,jstapells51@timesonline.co.uk,Female,234.79.132.228
183,Wendeline,Paunton,wpaunton52@bing.com,Female,177.8.182.79
184,Daren,Ausello,dausello53@desdev.cn,Male,168.239.97.36
185,Marj,Akester,makester54@4shared.com,Female,214.100.37.197
186,Granville,Yurkevich,gyurkevich55@independent.co.uk,Male,2.163.191.113
187,Raoul,Paxforde,rpaxforde56@xrea.com,Male,205.125.200.113
188,Zuzana,Rudham,zrudham57@fotki.com,Female,195.179.180.71
189,Carr,Mimmack,cmimmack58@fema.gov,Male,6.228.98.45
190,Cameron,Yarnell,cyarnell59@archive.org,Male,99.10.52.200
191,Madalena,Dunsleve,mdunsleve5a@cpanel.net,Female,44.156.172.55
192,Melodie,Lubeck,mlubeck5b@de.vu,Female,138.250.180.212
193,Hiram,Bootherstone,hbootherstone5c@bluehost.com,Non-binary,249.71.76.75
194,Garnet,Fishenden,gfishenden5d@epa.gov,Female,252.113.32.149
195,Shaine,Choppin,schoppin5e@accuweather.com,Female,175.165.138.235
196,Austen,Crockford,acrockford5f@huffingtonpost.com,Male,254.51.194.28
197,Donny,Quibell,dquibell5g@reference.com,Male,208.117.5.69
198,Luce,Targe,ltarge5h@bizjournals.com,Female,251.146.95.159
199,Chelsea,Bullock,cbullock5i@lycos.com,Female,123.22.254.229
200,Ade,Clears,aclears5j@jimdo.com,Male,12.172.167.121
201,Ignacio,Salliss,isalliss5k@github.io,Male,229.203.144.239
202,Noreen,Imesen,nimesen5l@ocn.ne.jp,Female,251.218.250.150
203,Clemmie,Armal,carmal5m@jimdo.com,Male,82.62.20.236
204,Carlo,Gobel,cgobel5n@meetup.com,Genderfluid,183.225.106.139
205,Piggy,Kedslie,pkedslie5o@oakley.com,Male,54.229.126.231
206,Katharina,Shimony,kshimony5p@google.it,Female,125.134.48.150
207,Jerrold,Coneley,jconeley5q@jigsy.com,Male,74.186.3.236
208,Daisie,Beaufoy,dbeaufoy5r@redcross.org,Female,16.23.163.139
209,Jessi,Lippini,jlippini5s@nhs.uk,Bigender,14.202.165.117
210,Riobard,Tatum,rtatum5t@lycos.com,Genderqueer,44.128.201.160
211,Munmro,Algar,malgar5u@europa.eu,Genderqueer,133.39.23.168
212,Frannie,Reddihough,freddihough5v@deviantart.com,Female,21.62.92.222
213,Janaya,Peacock,jpeacock5w@scientificamerican.com,Female,21.120.67.112
214,Charlotte,Gatteridge,cgatteridge5x@phoca.cz,Female,198.204.232.225
215,Evey,Kief,ekief5y@si.edu,Female,247.162.182.0
216,Glennie,Turmell,gturmell5z@state.tx.us,Female,180.197.170.252
217,Raul,Schelle,rschelle60@loc.gov,Male,61.108.121.252
218,Corine,Stichel,cstichel61@stanford.edu,Female,7.34.163.188
219,Lukas,Fiddyment,lfiddyment62@eventbrite.com,Male,75.133.174.124
220,Abran,Shilton,ashilton63@usda.gov,Male,211.249.73.43
221,Daffi,Diprose,ddiprose64@twitpic.com,Polygender,83.107.74.122
222,Ondrea,Wheildon,owheildon65@t.co,Female,131.206.53.15
223,Archie,Geater,ageater66@clickbank.net,Male,245.42.114.149
224,Cissiee,Sweeten,csweeten67@mtv.com,Female,18.61.251.79
225,Feliks,Lowes,flowes68@reference.com,Male,229.98.142.21
226,Morty,Beardwell,mbeardwell69@edublogs.org,Male,85.181.28.52
227,Thatch,Kindell,tkindell6a@ehow.com,Male,169.57.172.8
228,Alexine,Giorgio,agiorgio6b@feedburner.com,Female,56.213.226.138
229,Valle,Millberg,vmillberg6c@skype.com,Male,225.107.218.53
230,Lavena,McGahey,lmcgahey6d@odnoklassniki.ru,Female,116.140.137.63
231,Nonna,Mussett,nmussett6e@squidoo.com,Female,77.147.243.119
232,Justine,Coonan,jcoonan6f@state.tx.us,Polygender,157.169.162.94
233,Lewie,Bourhill,lbourhill6g@disqus.com,Male,178.164.70.10
234,Sarene,Dowley,sdowley6h@mapquest.com,Female,230.212.236.136
235,Juanita,Maher,jmaher6i@jugem.jp,Female,16.207.197.37
236,Adaline,Goodin,agoodin6j@github.io,Female,77.233.189.20
237,Michelle,Goodale,mgoodale6k@mlb.com,Female,17.122.0.130
238,Abdul,Overlow,aoverlow6l@meetup.com,Male,251.193.104.56
239,Donella,Torbett,dtorbett6m@photobucket.com,Female,57.211.251.157
240,Merralee,Wilbud,mwilbud6n@foxnews.com,Female,109.123.212.143
241,Helenelizabeth,Baudouin,hbaudouin6o@godaddy.com,Female,94.185.154.13
242,Corney,McKeran,cmckeran6p@timesonline.co.uk,Male,97.133.141.21
243,Delly,Abbis,dabbis6q@oakley.com,Female,97.122.83.6
244,Morlee,MacVagh,mmacvagh6r@mlb.com,Genderqueer,95.170.214.219
245,Abe,Bradden,abradden6s@cornell.edu,Male,84.251.220.232
246,Allin,Beminster,abeminster6t@sciencedirect.com,Male,162.159.154.100
247,Devin,Wasiela,dwasiela6u@dailymail.co.uk,Female,177.214.61.203
248,Noach,Aynscombe,naynscombe6v@berkeley.edu,Male,241.102.168.22
249,Stafani,Marzele,smarzele6w@moonfruit.com,Female,36.253.180.58
250,Ripley,Edgcumbe,redgcumbe6x@jimdo.com,Male,218.43.140.8
251,Fidela,Dripps,fdripps6y@upenn.edu,Female,152.242.37.212
252,Leandra,Wandtke,lwandtke6z@samsung.com,Bigender,236.86.210.27
253,Starlin,Bradd,sbradd70@google.cn,Bigender,110.30.36.244
254,Neely,Larrett,nlarrett71@examiner.com,Female,47.93.175.197
255,Garold,Yell,gyell72@engadget.com,Agender,99.220.232.54
256,Gerda,Aitchison,gaitchison73@multiply.com,Female,182.69.173.46
257,Lorilee,Foskett,lfoskett74@tumblr.com,Female,210.108.79.151
258,Marley,Evanson,mevanson75@constantcontact.com,Bigender,96.182.159.39
259,Gertie,Rickerby,grickerby76@about.me,Female,230.211.28.197
260,Pernell,Muck,pmuck77@bloglovin.com,Male,144.190.41.112
261,Clyve,Ollin,collin78@vkontakte.ru,Male,204.179.177.83
262,Faith,Fritzer,ffritzer79@foxnews.com,Female,41.226.74.62
263,Tony,Cotton,tcotton7a@google.co.jp,Female,225.50.232.253
264,Charyl,Cohn,ccohn7b@aboutads.info,Female,34.54.205.216
265,Heinrick,Wallentin,hwallentin7c@cnn.com,Male,22.250.166.55
266,Althea,Aizkovitch,aaizkovitch7d@weebly.com,Female,107.178.216.238
267,Quinta,Maraga,qmaraga7e@wunderground.com,Female,191.81.230.171
268,Vivianna,Mccaull,vmccaull7f@washingtonpost.com,Female,98.165.249.220
269,Oliviero,Mosley,omosley7g@wordpress.com,Male,149.32.239.143
270,Efren,Dickman,edickman7h@hubpages.com,Male,107.182.139.240
271,Catie,Tixall,ctixall7i@geocities.jp,Female,140.166.91.119
272,Ruby,McRavey,rmcravey7j@is.gd,Female,39.55.98.123
273,Mic,Cordeau,mcordeau7k@answers.com,Male,106.80.173.22
274,Peyton,Sobtka,psobtka7l@mysql.com,Male,246.136.209.100
275,Manfred,Davidov,mdavidov7m@nhs.uk,Male,103.50.91.32
276,Paulette,Edwardson,pedwardson7n@jugem.jp,Female,120.245.113.95
277,Cyndi,Denacamp,cdenacamp7o@bloomberg.com,Female,58.215.27.7
278,Mead,Kamenar,mkamenar7p@redcross.org,Female,246.128.145.104
279,Hali,Bretherick,hbretherick7q@prlog.org,Female,94.65.40.94
280,Gloria,Peatheyjohns,gpeatheyjohns7r@wordpress.com,Female,52.176.141.115
281,Valencia,Grossier,vgrossier7s@dell.com,Female,98.221.96.26
282,Marcille,Lumsdaine,mlumsdaine7t@stanford.edu,Female,146.117.156.226
283,Mikael,Skellen,mskellen7u@mayoclinic.com,Genderfluid,57.200.81.160
284,Maddy,Stopps,mstopps7v@typepad.com,Male,102.154.211.7
285,Leona,Jaray,ljaray7w@eepurl.com,Female,108.22.68.189
286,Winifield,Skellorne,wskellorne7x@1und1.de,Male,192.204.74.92
287,Woodman,Rabat,wrabat7y@phpbb.com,Male,155.157.234.121
288,Carny,Gaskins,cgaskins7z@google.ru,Male,95.123.236.133
289,Catlaina,Tancock,ctancock80@prnewswire.com,Female,59.252.186.153
290,Delphine,Lindegard,dlindegard81@engadget.com,Female,42.187.3.120
291,Benjamin,Fosse,bfosse82@meetup.com,Genderfluid,47.165.9.195
292,Rois,Shepley,rshepley83@wikia.com,Female,104.13.53.152
293,Suzi,Novkovic,snovkovic84@nationalgeographic.com,Polygender,58.160.109.15
294,Lorette,Pimm,lpimm85@noaa.gov,Female,153.255.64.91
295,Jude,Bolsover,jbolsover86@businesswire.com,Male,149.96.11.88
296,Elset,Beardwell,ebeardwell87@prweb.com,Female,126.20.123.139
297,Ingrid,Mosco,imosco88@histats.com,Female,65.191.183.146
298,Arvin,Bachellier,abachellier89@nasa.gov,Male,237.34.13.219
299,Winny,Barttrum,wbarttrum8a@ezinearticles.com,Male,30.103.183.110
300,Sallee,Nucci,snucci8b@ebay.co.uk,Bigender,9.203.214.219
301,Carlynne,Belbin,cbelbin8c@plala.or.jp,Female,195.194.1.185
302,Yuma,Sturdgess,ysturdgess8d@chicagotribune.com,Male,75.1.192.214
303,Bathsheba,Ahmed,bahmed8e@mayoclinic.com,Female,239.101.145.109
304,Ewan,Vize,evize8f@squarespace.com,Male,229.54.228.146
305,Tova,Bondesen,tbondesen8g@phoca.cz,Female,222.222.50.64
306,Fanni,Sowley,fsowley8h@1und1.de,Non-binary,1.230.203.55
307,Idette,Bellard,ibellard8i@cam.ac.uk,Female,131.218.68.164
308,Inna,Tansey,itansey8j@slashdot.org,Bigender,101.89.89.115
309,Dante,Grasha,dgrasha8k@usatoday.com,Male,126.141.70.15
310,Estella,Lebrun,elebrun8l@go.com,Female,48.51.220.114
311,Danell,Normaville,dnormaville8m@examiner.com,Female,5.127.47.10
312,Ken,Kubasiewicz,kkubasiewicz8n@omniture.com,Male,247.110.41.188
313,Jasper,Siman,jsiman8o@webeden.co.uk,Male,172.188.32.176
314,Hannie,Hyder,hhyder8p@rakuten.co.jp,Female,213.106.79.58
315,Timothea,Tidd,ttidd8q@123-reg.co.uk,Female,125.166.199.20
316,Arline,Bertrand,abertrand8r@si.edu,Female,75.133.138.254
317,Worth,Woolmington,wwoolmington8s@ameblo.jp,Male,243.72.89.50
318,Lyman,Bear,lbear8t@github.io,Male,221.249.39.34
319,Heath,Beteriss,hbeteriss8u@cnn.com,Male,92.95.11.140
320,Winthrop,Yacobsohn,wyacobsohn8v@blogtalkradio.com,Male,96.9.44.92
321,Tammara,Worsall,tworsall8w@answers.com,Female,151.252.81.213
322,Jobye,Hugle,jhugle8x@booking.com,Genderqueer,246.123.28.54
323,Johannah,Barendtsen,jbarendtsen8y@buzzfeed.com,Female,127.9.237.236
324,Kaitlin,Turbard,kturbard8z@hc360.com,Female,190.56.68.17
325,Paquito,Bignal,pbignal90@tiny.cc,Male,129.90.121.25
326,Kiersten,Elder,kelder91@multiply.com,Female,83.102.180.214
327,Victoir,Fliege,vfliege92@state.tx.us,Male,201.165.130.246
328,Agneta,Hulk,ahulk93@furl.net,Female,97.81.59.124
329,Teodora,Walthew,twalthew94@earthlink.net,Genderfluid,17.103.195.235
330,L;urette,Whetton,lwhetton95@nasa.gov,Female,11.98.73.5
331,Lavena,Le Noury,llenoury96@dyndns.org,Female,72.67.213.222
332,Olympie,Vice,ovice97@stumbleupon.com,Female,177.203.170.114
333,Lezley,Emmanuel,lemmanuel98@liveinternet.ru,Male,166.229.241.173
334,Urbain,Cottee,ucottee99@sohu.com,Male,172.85.244.58
335,Roberta,Simion,rsimion9a@clickbank.net,Female,156.219.196.116
336,Josy,Kyles,jkyles9b@samsung.com,Female,164.5.6.70
337,Ava,Youhill,ayouhill9c@amazon.com,Female,80.4.33.194
338,Bennie,Bleeze,bbleeze9d@opensource.org,Female,219.194.142.255
339,Redd,Nuzzi,rnuzzi9e@shop-pro.jp,Male,249.106.135.157
340,Yorgo,Cushelly,ycushelly9f@a8.net,Male,215.11.185.151
341,Baily,Haye,bhaye9g@fc2.com,Male,98.103.134.72
342,Shandee,Windas,swindas9h@ustream.tv,Female,107.200.55.147
343,Araldo,Cressingham,acressingham9i@cnbc.com,Male,147.8.20.181
344,Alyosha,Goering,agoering9j@domainmarket.com,Male,139.121.62.116
345,Julina,Klimek,jklimek9k@instagram.com,Female,4.85.233.183
346,Archambault,Clementet,aclementet9l@csmonitor.com,Male,177.93.57.237
347,Pryce,Vidineev,pvidineev9m@house.gov,Male,195.194.32.139
348,Sigismond,Francesco,sfrancesco9n@csmonitor.com,Male,82.247.117.125
349,Niccolo,Ninnotti,nninnotti9o@hud.gov,Male,125.126.98.69
350,Kenny,Crossgrove,kcrossgrove9p@fastcompany.com,Male,191.121.7.177
351,Zia,Pipworth,zpipworth9q@amazon.co.jp,Female,75.26.95.229
352,Catha,Hirche,chirche9r@reuters.com,Female,201.253.215.35
353,Aldus,Courteney,acourteney9s@state.tx.us,Male,244.55.252.247
354,Em,Astin,eastin9t@ow.ly,Male,8.30.146.2
355,Dona,Trevon,dtrevon9u@jigsy.com,Female,192.48.76.248
356,Domenico,Pease,dpease9v@mozilla.com,Male,144.106.185.236
357,Pat,Tolchar,ptolchar9w@fema.gov,Female,120.189.197.44
358,Randell,Blabey,rblabey9x@vinaora.com,Male,17.245.173.192
359,Gilberto,Wickwar,gwickwar9y@harvard.edu,Agender,235.142.255.244
360,Tilda,Pidgen,tpidgen9z@gnu.org,Genderfluid,161.106.65.169
361,Seka,Ferguson,sfergusona0@cnn.com,Female,13.213.16.243
362,Abdul,Frankowski,afrankowskia1@princeton.edu,Male,50.41.233.37
363,Creigh,O'Connel,coconnela2@alibaba.com,Male,4.139.234.100
364,Tim,Meir,tmeira3@ebay.com,Female,218.29.206.89
365,Abie,Staley,astaleya4@bloglines.com,Male,44.227.234.68
366,Itch,Geffinger,igeffingera5@mysql.com,Male,206.57.65.144
367,Torin,McInnery,tmcinnerya6@google.fr,Male,22.232.143.16
368,Noe,Petrelli,npetrellia7@delicious.com,Male,28.141.118.78
369,Brose,Housecroft,bhousecrofta8@goo.gl,Male,107.222.95.1
370,Rabi,Watkins,rwatkinsa9@unesco.org,Male,219.127.230.62
371,Shani,Blacker,sblackeraa@e-recht24.de,Female,90.117.92.205
372,Roarke,Van Oort,rvanoortab@berkeley.edu,Male,11.51.66.200
373,Louisa,Coal,lcoalac@artisteer.com,Female,42.193.205.254
374,Peder,Lawlor,plawlorad@ft.com,Male,215.215.182.226
375,Chaddie,Lazarus,clazarusae@google.co.uk,Male,10.35.250.179
376,Mirelle,Pindar,mpindaraf@weibo.com,Female,138.183.138.222
377,Gladys,Ramos,gramosag@cmu.edu,Female,6.99.151.202
378,Alecia,Balazin,abalazinah@homestead.com,Female,225.47.148.22
379,Mariska,Moss,mmossai@loc.gov,Female,148.1.7.144
380,Jesse,Rennenbach,jrennenbachaj@twitpic.com,Genderfluid,174.135.179.106
381,Tildy,Nel,tnelak@google.co.jp,Female,199.192.222.186
382,Annice,Pales,apalesal@hatena.ne.jp,Female,142.241.205.238
383,Retha,Grimestone,rgrimestoneam@soundcloud.com,Female,177.75.123.44
384,Jyoti,Charrier,jcharrieran@huffingtonpost.com,Female,172.206.27.168
385,Terrill,Shoosmith,tshoosmithao@ehow.com,Male,217.86.38.15
386,Hugo,Whitney,hwhitneyap@who.int,Male,243.192.122.127
387,Holly,Dyson,hdysonaq@businessweek.com,Male,131.90.219.98
388,Benedict,Hartly,bhartlyar@umn.edu,Male,140.40.83.102
389,Robinson,Soames,rsoamesas@dyndns.org,Male,189.135.217.113
390,Benita,Adamov,badamovat@gizmodo.com,Female,123.125.224.15
391,Mag,Moralis,mmoralisau@de.vu,Polygender,246.101.183.107
392,Luke,Cotherill,lcotherillav@macromedia.com,Male,198.158.10.143
393,Alva,Rodmell,arodmellaw@unesco.org,Male,86.68.86.182
394,Gabbi,Ogers,gogersax@princeton.edu,Female,51.82.208.131
395,Hugues,Hawksby,hhawksbyay@guardian.co.uk,Male,4.92.151.72
396,Sutherland,Reddan,sreddanaz@clickbank.net,Male,152.57.83.247
397,Inness,Atthowe,iatthoweb0@rakuten.co.jp,Male,180.200.115.136
398,Barney,Molloy,bmolloyb1@cam.ac.uk,Male,46.10.114.229
399,Philipa,Roydon,proydonb2@1688.com,Female,255.95.75.50
400,Jacquelin,Ullock,jullockb3@myspace.com,Female,153.77.28.65
401,Garvey,Voase,gvoaseb4@exblog.jp,Male,211.127.45.192
402,Veda,Dysart,vdysartb5@latimes.com,Female,35.57.122.102
403,Ron,Izod,rizodb6@archive.org,Male,122.17.90.107
404,Delly,Cato,dcatob7@techcrunch.com,Genderqueer,34.202.105.153
405,Christel,Thay,cthayb8@ow.ly,Female,53.170.48.83
406,Evanne,Birbeck,ebirbeckb9@vkontakte.ru,Female,200.216.47.231
407,Sofia,Jakuszewski,sjakuszewskiba@apple.com,Female,222.221.114.100
408,Jerad,Whitley,jwhitleybb@usa.gov,Male,205.22.227.181
409,Kali,Kingsly,kkingslybc@trellian.com,Female,153.160.5.226
410,Manon,Dedham,mdedhambd@godaddy.com,Female,196.135.153.131
411,Wren,Carus,wcarusbe@naver.com,Female,114.110.47.70
412,Ketty,Lemon,klemonbf@alibaba.com,Female,62.5.38.255
413,Lyssa,Stare,lstarebg@printfriendly.com,Female,224.9.23.230
414,Filippa,Meaker,fmeakerbh@examiner.com,Female,143.254.138.145
415,Agnes,Vossgen,avossgenbi@booking.com,Female,151.247.148.126
416,Thorstein,Roj,trojbj@skype.com,Male,193.10.180.91
417,Maurie,Danskine,mdanskinebk@ftc.gov,Male,48.171.166.76
418,Parsifal,Pinchen,ppinchenbl@illinois.edu,Male,111.205.155.161
419,Ros,Limeburn,rlimeburnbm@discovery.com,Female,3.28.80.129
420,Linell,Kubasiewicz,lkubasiewiczbn@spotify.com,Female,216.181.144.4
421,Constancia,Camilio,ccamiliobo@microsoft.com,Female,159.83.73.215
422,Nonie,Iannitti,niannittibp@si.edu,Female,190.145.105.255
423,Marjorie,Beevis,mbeevisbq@dyndns.org,Female,154.2.205.72
424,Allianora,McPhelimy,amcphelimybr@wikia.com,Female,141.74.55.247
425,Miguelita,Stannis,mstannisbs@smh.com.au,Female,40.76.32.249
426,Bathsheba,Feore,bfeorebt@ezinearticles.com,Female,6.13.233.126
427,Christen,Bakster,cbaksterbu@wix.com,Female,244.62.246.240
428,Alica,Baff,abaffbv@about.me,Female,248.41.213.226
429,Anneliese,Crady,acradybw@bloomberg.com,Female,43.219.253.113
430,Grete,Briant,gbriantbx@amazonaws.com,Female,80.53.100.81
431,Shanie,Bernardes,sbernardesby@google.com,Genderfluid,251.141.79.105
432,Humfrey,Coldicott,hcoldicottbz@paypal.com,Male,78.207.243.196
433,Merci,Tremellan,mtremellanc0@istockphoto.com,Polygender,79.131.93.218
434,Collin,Artist,cartistc1@ameblo.jp,Male,63.250.134.216
435,Pauly,Hartington,phartingtonc2@aboutads.info,Male,31.35.96.113
436,Livvy,Galilee,lgalileec3@yahoo.co.jp,Female,203.115.55.219
437,Allard,Matthessen,amatthessenc4@ibm.com,Male,203.158.142.12
438,Nap,Dobrovolski,ndobrovolskic5@unicef.org,Male,24.149.203.16
439,Leonora,Villar,lvillarc6@dot.gov,Polygender,230.130.253.35
440,Rolfe,Birdall,rbirdallc7@wikipedia.org,Male,20.196.202.111
441,Riki,Yerrill,ryerrillc8@devhub.com,Female,69.244.84.61
442,Randall,Killigrew,rkilligrewc9@phoca.cz,Male,115.219.205.226
443,Jade,Foulcher,jfoulcherca@hugedomains.com,Female,59.232.233.200
444,Petrina,Levins,plevinscb@dropbox.com,Female,132.53.209.44
445,Helga,Merrell,hmerrellcc@gizmodo.com,Female,112.253.34.217
446,Olly,Iianon,oiianoncd@elegantthemes.com,Female,158.7.203.21
447,Florentia,Matzeitis,fmatzeitisce@samsung.com,Female,24.28.130.122
448,Boothe,Gilderoy,bgilderoycf@people.com.cn,Genderqueer,152.184.191.106
449,Berte,Thraves,bthravescg@i2i.jp,Female,20.97.137.227
450,Silvano,Pithie,spithiech@amazon.co.jp,Male,69.79.178.214
451,Pamela,Cisneros,pcisnerosci@flavors.me,Non-binary,90.143.140.131
452,Kristina,Henzer,khenzercj@va.gov,Polygender,93.183.76.211
453,Nora,Heisham,nheishamck@princeton.edu,Female,71.40.225.109
454,Solomon,Duffyn,sduffyncl@ask.com,Male,207.94.254.191
455,Dilly,Just,djustcm@irs.gov,Male,128.159.201.113
456,Terrel,Drissell,tdrissellcn@ustream.tv,Male,244.18.27.133
457,Lorianna,Proger,lprogerco@jigsy.com,Female,2.172.153.93
458,Melessa,Raubenheimer,mraubenheimercp@1688.com,Female,116.100.2.116
459,Aidan,Aulsford,aaulsfordcq@utexas.edu,Female,19.130.157.219
460,Orly,Lebond,olebondcr@independent.co.uk,Female,16.26.116.32
461,Sean,Yerby,syerbycs@mapy.cz,Female,86.77.151.228
462,Cristabel,Pavlenkov,cpavlenkovct@webnode.com,Female,138.41.200.238
463,La verne,Juschka,ljuschkacu@spiegel.de,Female,214.205.1.187
464,Horacio,Fellman,hfellmancv@unicef.org,Male,134.213.153.149
465,Lukas,Lackemann,llackemanncw@freewebs.com,Male,237.132.58.66
466,Nero,Growcott,ngrowcottcx@mashable.com,Male,93.226.218.21
467,Eugen,Vamplers,evamplerscy@seattletimes.com,Male,18.229.123.41
468,Debi,Abbs,dabbscz@mlb.com,Female,228.70.73.168
469,Zacharias,Bernardt,zbernardtd0@blogger.com,Male,127.198.230.180
470,Lamar,Hanway,lhanwayd1@barnesandnoble.com,Male,253.85.68.197
471,Tawnya,Denes,tdenesd2@example.com,Female,207.81.98.138
472,Park,Sigmund,psigmundd3@weather.com,Male,11.43.120.106
473,Hilton,Jolly,hjollyd4@intel.com,Male,2.230.146.153
474,Lulu,Layburn,llayburnd5@desdev.cn,Female,252.3.221.225
475,Oberon,Emslie,oemslied6@odnoklassniki.ru,Male,219.147.187.253
476,Pauly,Kaser,pkaserd7@cmu.edu,Genderqueer,255.87.37.13
477,Melesa,Kelmere,mkelmered8@cdbaby.com,Female,229.171.149.20
478,Glyn,Vreiberg,gvreibergd9@angelfire.com,Male,98.238.21.77
479,Hortense,Whittet,hwhittetda@devhub.com,Female,51.192.214.82
480,Salli,Sizland,ssizlanddb@nhs.uk,Female,190.37.86.89
481,Tracy,Aisthorpe,taisthorpedc@nih.gov,Male,241.102.223.120
482,Doro,Lemery,dlemerydd@sogou.com,Female,125.64.120.232
483,Padraig,Docharty,pdochartyde@sciencedaily.com,Male,128.242.164.145
484,Donica,Lecount,dlecountdf@psu.edu,Female,238.120.33.215
485,Dare,Coey,dcoeydg@indiatimes.com,Male,21.206.1.123
486,Jenny,Climer,jclimerdh@cloudflare.com,Female,223.213.217.45
487,Lenore,Robiou,lrobioudi@google.com.au,Female,182.53.195.189
488,Briano,Godsal,bgodsaldj@vk.com,Male,97.193.208.246
489,Bathsheba,Prescot,bprescotdk@prweb.com,Female,86.83.190.49
490,Caresse,Kaes,ckaesdl@usa.gov,Female,99.85.165.141
491,Portia,Caine,pcainedm@upenn.edu,Female,164.49.132.141
492,Wilbert,Perelli,wperellidn@seesaa.net,Male,6.196.6.145
493,Barn,Glasebrook,bglasebrookdo@kickstarter.com,Male,118.36.21.212
494,Winny,Walton,wwaltondp@naver.com,Female,251.12.2.68
495,Rae,Pochin,rpochindq@princeton.edu,Female,34.106.31.247
496,Faye,Coppock.,fcoppockdr@eepurl.com,Female,228.124.171.61
497,Patty,Moughtin,pmoughtinds@economist.com,Male,238.111.188.20
498,Reynolds,Quayle,rquayledt@hugedomains.com,Male,188.69.86.33
499,Glendon,Glavis,gglavisdu@uol.com.br,Male,213.17.14.139
500,Ruthy,Heugel,rheugeldv@indiatimes.com,Genderqueer,231.71.216.111
501,Caryl,Gosz,cgoszdw@tmall.com,Female,235.121.232.139
502,Pia,Spilstead,pspilsteaddx@mapquest.com,Female,1.238.194.135
503,Amara,Belvard,abelvarddy@vkontakte.ru,Female,217.230.222.9
504,Ulric,Cyster,ucysterdz@springer.com,Male,149.59.13.91
505,Torr,Dismore,tdismoree0@stumbleupon.com,Male,111.53.82.255
506,Cyrill,Trobey,ctrobeye1@shareasale.com,Male,201.111.169.39
507,Petr,Magauran,pmagaurane2@bigcartel.com,Male,156.104.22.155
508,Moses,Naisbet,mnaisbete3@woothemes.com,Male,131.21.124.100
509,Perle,Crombleholme,pcrombleholmee4@craigslist.org,Female,139.216.255.192
510,Heindrick,Desbrow,hdesbrowe5@freewebs.com,Male,42.201.178.122
511,Tally,Eva,tevae6@noaa.gov,Female,91.5.155.238
512,Andres,Clyburn,aclyburne7@amazon.co.uk,Male,22.49.152.28
513,Elbertine,Wogdon,ewogdone8@oakley.com,Female,39.121.160.245
514,Robbie,Boots,rbootse9@homestead.com,Female,120.63.8.59
515,Emera,Caccavale,ecaccavaleea@xinhuanet.com,Female,196.128.47.79
516,Friederike,Hassett,fhassetteb@naver.com,Female,170.50.212.224
517,Elnora,Barth,ebarthec@spiegel.de,Female,171.168.143.157
518,Dillon,Rodge,drodgeed@stanford.edu,Genderfluid,174.11.254.222
519,Hollis,Bergstram,hbergstramee@theglobeandmail.com,Male,14.169.90.47
520,Neils,Coward,ncowardef@ezinearticles.com,Male,109.45.254.6
521,Charis,Fontenot,cfontenoteg@alibaba.com,Female,30.211.2.31
522,Bennie,Yarranton,byarrantoneh@tumblr.com,Female,208.157.72.129
523,Ebeneser,Saing,esaingei@spiegel.de,Male,21.31.19.242
524,Isiahi,Shingles,ishinglesej@shareasale.com,Bigender,157.73.106.76
525,Amalee,Burgwin,aburgwinek@storify.com,Female,239.49.229.73
526,Vassili,Hinsche,vhinscheel@dailymail.co.uk,Male,38.42.191.140
527,Malorie,Menelaws,mmenelawsem@indiegogo.com,Non-binary,101.249.121.253
528,Alys,Puleston,apulestonen@comsenz.com,Female,29.163.6.14
529,Brigida,Massey,bmasseyeo@addtoany.com,Female,77.152.237.164
530,Brennan,Cleare,bcleareep@ted.com,Male,253.111.228.102
531,Hermina,Croux,hcrouxeq@nymag.com,Female,156.185.62.203
532,Murdoch,Seedman,mseedmaner@intel.com,Male,174.169.125.2
533,Kathryne,Sidlow,ksidlowes@macromedia.com,Female,124.188.144.64
534,Gilbert,Sabberton,gsabbertonet@themeforest.net,Male,26.19.9.85
535,Lon,Corbishley,lcorbishleyeu@wufoo.com,Male,120.135.84.115
536,Cullan,Walbridge,cwalbridgeev@amazon.co.jp,Male,99.151.243.138
537,Phil,Pollett,ppollettew@amazonaws.com,Male,221.187.226.193
538,Meagan,Eidelman,meidelmanex@webs.com,Female,253.157.1.65
539,Alexia,Lacey,alaceyey@yandex.ru,Female,37.191.144.223
540,Inness,Ferraretto,iferrarettoez@msn.com,Male,208.12.23.114
541,Dermot,Franceschelli,dfranceschellif0@rediff.com,Male,59.223.179.59
542,Matt,Hards,mhardsf1@tinyurl.com,Male,156.153.79.141
543,Norene,Juares,njuaresf2@github.com,Female,147.122.157.191
544,Evie,O'Dempsey,eodempseyf3@blog.com,Female,180.168.67.176
545,Cortie,Burress,cburressf4@clickbank.net,Male,245.254.34.196
546,Sig,Christie,schristief5@taobao.com,Male,124.73.1.13
547,Raimundo,Dorkens,rdorkensf6@nyu.edu,Male,14.194.1.112
548,Bo,Iacovaccio,biacovacciof7@yolasite.com,Male,43.114.162.42
549,Jillene,Drayn,jdraynf8@army.mil,Female,226.174.23.227
550,Yank,Bruford,ybrufordf9@edublogs.org,Male,36.129.32.198
551,Brent,Treeby,btreebyfa@plala.or.jp,Male,123.45.26.211
552,Oralia,Coleridge,ocoleridgefb@csmonitor.com,Female,221.252.103.225
553,Ethelin,Borsay,eborsayfc@cmu.edu,Female,104.142.106.4
554,Correy,Lambird,clambirdfd@japanpost.jp,Male,145.182.71.21
555,Marena,Beney,mbeneyfe@multiply.com,Female,165.177.89.173
556,Robinson,Ortler,rortlerff@wufoo.com,Male,82.79.229.169
557,Rockie,Clausner,rclausnerfg@bizjournals.com,Male,71.70.243.221
558,Lyndy,Ledeker,lledekerfh@dot.gov,Genderfluid,154.188.243.7
559,Pate,Schankelborg,pschankelborgfi@latimes.com,Male,194.74.29.149
560,Andrey,Strodder,astrodderfj@nhs.uk,Male,245.199.82.153
561,Kamila,Jotcham,kjotchamfk@bandcamp.com,Female,85.100.92.107
562,Terri,Kavanagh,tkavanaghfl@zdnet.com,Male,162.66.227.23
563,Devlin,Fern,dfernfm@tripod.com,Male,139.1.7.251
564,Godart,Masserel,gmasserelfn@cmu.edu,Male,63.180.109.22
565,Stirling,Coggon,scoggonfo@irs.gov,Male,147.103.209.208
566,Ursula,Stonbridge,ustonbridgefp@smugmug.com,Female,26.15.90.53
567,Sterne,Speeding,sspeedingfq@mozilla.org,Male,137.162.188.234
568,Kaja,Benazet,kbenazetfr@yale.edu,Female,200.10.15.128
569,Joshua,Eteen,jeteenfs@nytimes.com,Polygender,140.127.171.233
570,Zebulon,Simek,zsimekft@cdbaby.com,Male,2.254.197.19
571,Shelley,Busfield,sbusfieldfu@fotki.com,Male,93.239.169.251
572,Jareb,Lewcock,jlewcockfv@aboutads.info,Male,236.23.98.149
573,Rivi,Iiannone,riiannonefw@alibaba.com,Polygender,116.89.177.226
574,Cherin,Jeaycock,cjeaycockfx@hibu.com,Female,158.67.3.134
575,Tadeas,Weatherhogg,tweatherhoggfy@cmu.edu,Genderfluid,37.54.239.180
576,Florence,Pollicatt,fpollicattfz@latimes.com,Female,29.251.113.142
577,Aime,McVaugh,amcvaughg0@flickr.com,Female,141.57.169.204
578,Nadiya,Armfield,narmfieldg1@infoseek.co.jp,Female,208.48.225.17
579,Avrit,Kinner,akinnerg2@washington.edu,Non-binary,123.92.162.75
580,Merrielle,Tames,mtamesg3@ox.ac.uk,Female,24.212.15.4
581,Alia,Ryley,aryleyg4@samsung.com,Female,192.124.232.160
582,Laureen,Howels,lhowelsg5@sourceforge.net,Female,115.180.96.206
583,Shurlock,Cullrford,scullrfordg6@webmd.com,Male,149.73.212.81
584,Tabby,Middup,tmiddupg7@icq.com,Female,233.12.76.182
585,Brantley,Odd,boddg8@nba.com,Male,77.81.186.171
586,Nikola,Peniello,npeniellog9@timesonline.co.uk,Male,69.201.132.227
587,Florian,Brack,fbrackga@ox.ac.uk,Male,27.119.75.221
588,Ransell,Grendon,rgrendongb@drupal.org,Male,35.83.178.160
589,Marcos,Guarin,mguaringc@bravesites.com,Male,163.103.74.47
590,Lorrin,Schlagh,lschlaghgd@hibu.com,Female,105.16.2.168
591,Josefina,Fevier,jfevierge@multiply.com,Female,206.174.61.137
592,Claiborne,Benham,cbenhamgf@phpbb.com,Male,238.121.161.201
593,Quincey,Preston,qprestongg@techcrunch.com,Male,178.130.63.119
594,Jozef,Shipsey,jshipseygh@yandex.ru,Male,188.199.28.44
595,Keenan,Hexum,khexumgi@alibaba.com,Male,121.88.225.160
596,Tamqrah,Bickle,tbicklegj@nytimes.com,Bigender,121.240.36.131
597,Konstance,Jeratt,kjerattgk@salon.com,Female,179.235.119.218
598,Orlan,Filchakov,ofilchakovgl@xing.com,Male,234.17.207.108
599,Kassandra,Diloway,kdilowaygm@bloglines.com,Female,241.152.65.160
600,Donavon,Housby,dhousbygn@nasa.gov,Male,235.145.81.184
601,Mallissa,Schwartz,mschwartzgo@reddit.com,Genderqueer,39.177.150.111
602,Leela,Davydenko,ldavydenkogp@accuweather.com,Female,142.96.18.116
603,Aundrea,Banasevich,abanasevichgq@networksolutions.com,Female,251.55.134.220
604,Catlin,Jillett,cjillettgr@photobucket.com,Female,117.238.242.65
605,Adaline,Leafe,aleafegs@tinypic.com,Female,223.242.180.54
606,Enrica,Hinken,ehinkengt@sfgate.com,Female,207.127.170.12
607,Ezri,Ostrich,eostrichgu@storify.com,Male,30.240.80.13
608,Mark,MacAloren,mmacalorengv@uol.com.br,Male,169.14.56.3
609,Addia,Schimoni,aschimonigw@earthlink.net,Female,205.127.193.59
610,Constantina,Joscelyne,cjoscelynegx@discovery.com,Female,210.18.174.234
611,Annabelle,Archdeckne,aarchdecknegy@cisco.com,Female,45.195.58.224
612,Alvin,Weeke,aweekegz@godaddy.com,Male,162.89.109.43
613,Jacquette,Maynard,jmaynardh0@nhs.uk,Female,94.15.230.114
614,Ginger,Shakle,gshakleh1@dagondesign.com,Female,203.246.80.22
615,Chery,Carnew,ccarnewh2@cafepress.com,Genderqueer,184.219.74.91
616,Brenna,Pask,bpaskh3@homestead.com,Female,139.33.162.186
617,Cher,Kuna,ckunah4@utexas.edu,Bigender,154.116.231.12
618,Peggi,Hazard,phazardh5@mozilla.org,Female,134.95.109.17
619,Alie,Mumbey,amumbeyh6@dropbox.com,Female,65.33.97.221
620,Dorisa,Trunks,dtrunksh7@trellian.com,Female,202.93.2.58
621,Rolfe,Bassam,rbassamh8@unicef.org,Male,253.52.161.211
622,Gerry,Rosell,grosellh9@wsj.com,Male,142.176.235.77
623,Lance,Dils,ldilsha@amazonaws.com,Male,226.105.159.165
624,Wainwright,Cockrell,wcockrellhb@tumblr.com,Male,50.240.250.29
625,Evelina,Father,efatherhc@europa.eu,Female,156.45.97.240
626,Carol,Toomey,ctoomeyhd@sciencedirect.com,Female,144.251.180.196
627,Braden,Ion,bionhe@blogs.com,Male,83.170.200.180
628,Val,Kuna,vkunahf@miitbeian.gov.cn,Male,109.121.73.120
629,Lanni,Bruckmann,lbruckmannhg@macromedia.com,Female,137.222.65.162
630,Sigismund,Faber,sfaberhh@a8.net,Male,218.27.95.241
631,Adolph,Downage,adownagehi@microsoft.com,Male,192.161.254.115
632,Amelia,Liptrot,aliptrothj@macromedia.com,Female,37.21.20.44
633,Brigham,Vellden,bvelldenhk@paginegialle.it,Male,108.93.204.154
634,Israel,McAnellye,imcanellyehl@g.co,Male,31.239.63.225
635,Bernardo,Ledgerton,bledgertonhm@epa.gov,Male,227.184.116.208
636,Jeniece,Loines,jloineshn@uol.com.br,Female,169.250.201.12
637,Fara,Palomba,fpalombaho@nhs.uk,Non-binary,151.70.115.151
638,Eydie,Zimmermanns,ezimmermannshp@loc.gov,Female,181.236.41.147
639,Elnar,Durtnall,edurtnallhq@lulu.com,Male,237.193.164.182
640,Hestia,Cotsford,hcotsfordhr@marriott.com,Female,66.238.157.20
641,Curran,Minchi,cminchihs@csmonitor.com,Male,60.196.231.61
642,Mill,Yallowley,myallowleyht@miitbeian.gov.cn,Male,248.251.23.76
643,Vitia,Berkeley,vberkeleyhu@state.gov,Female,14.223.170.75
644,Alon,Gifkins,agifkinshv@ask.com,Male,90.69.139.248
645,Paquito,Scrivener,pscrivenerhw@home.pl,Male,15.78.212.190
646,Josie,Stollwerk,jstollwerkhx@ning.com,Female,23.63.37.29
647,Hadrian,Rutley,hrutleyhy@oaic.gov.au,Male,102.15.72.53
648,Ronnie,Gouldbourn,rgouldbournhz@marriott.com,Female,151.80.233.37
649,Blaire,McAdam,bmcadami0@imdb.com,Female,143.208.61.162
650,Trumaine,Itzkovsky,titzkovskyi1@npr.org,Male,28.166.247.7
651,Melessa,Zmitrichenko,mzmitrichenkoi2@friendfeed.com,Female,101.47.71.166
652,Garfield,Ashtonhurst,gashtonhursti3@dedecms.com,Male,9.123.38.67
653,Ron,Sictornes,rsictornesi4@xing.com,Male,254.186.137.239
654,Avram,Gillies,agilliesi5@prnewswire.com,Male,1.202.128.10
655,Brandice,Mathen,bmatheni6@shareasale.com,Female,148.184.8.179
656,Jobey,O'Dyvoy,jodyvoyi7@noaa.gov,Female,114.168.120.167
657,Jeniffer,Blowen,jbloweni8@reverbnation.com,Female,133.128.34.27
658,Michal,Lasty,mlastyi9@rediff.com,Female,62.50.137.132
659,Noll,Buglar,nbuglaria@gravatar.com,Male,225.185.4.67
660,Madelaine,Pinwill,mpinwillib@parallels.com,Female,199.2.162.133
661,Carmon,Surby,csurbyic@jimdo.com,Female,87.239.155.252
662,Andeee,Pedler,apedlerid@t.co,Female,252.150.248.80
663,Forest,Tidcombe,ftidcombeie@blinklist.com,Male,113.201.91.66
664,Kelcey,Keaveney,kkeaveneyif@abc.net.au,Female,102.27.8.31
665,Sancho,Drabble,sdrabbleig@howstuffworks.com,Male,108.100.197.248
666,Hermia,MacAllister,hmacallisterih@wired.com,Female,31.93.103.10
667,Kevon,Mell,kmellii@wiley.com,Male,15.147.3.152
668,Alisa,Bodemeaid,abodemeaidij@netscape.com,Female,19.119.210.158
669,Vinni,Paulig,vpauligik@amazon.co.uk,Female,22.112.143.104
670,Hunfredo,Roughan,hroughanil@dot.gov,Male,169.104.84.251
671,Lanny,MacCleay,lmaccleayim@rediff.com,Male,99.66.221.11
672,Adeline,Burgot,aburgotin@harvard.edu,Female,249.98.90.205
673,Wilhelmine,Blakeney,wblakeneyio@ucoz.ru,Female,155.143.233.143
674,Vivian,Taverner,vtavernerip@washingtonpost.com,Female,211.178.24.89
675,Daune,Goldup,dgoldupiq@privacy.gov.au,Female,95.42.235.191
676,Jillie,Tatlow,jtatlowir@csmonitor.com,Female,225.182.18.15
677,Suki,Chalke,schalkeis@zdnet.com,Female,182.155.81.95
678,Carlye,Coolican,ccoolicanit@gmpg.org,Female,1.46.81.190
679,Annmarie,Kilbourne,akilbourneiu@spiegel.de,Female,212.61.27.147
680,Sibylle,Corbin,scorbiniv@tamu.edu,Female,104.94.140.115
681,Lindy,Milier,lmilieriw@posterous.com,Male,133.135.23.13
682,Helli,de Merida,hdemeridaix@comcast.net,Female,34.32.235.111
683,Venus,Molyneux,vmolyneuxiy@chicagotribune.com,Female,48.220.161.74
684,Holli,Ert,hertiz@bandcamp.com,Female,123.78.138.39
685,Kin,Whitney,kwhitneyj0@tamu.edu,Male,57.60.175.32
686,Stesha,Skuce,sskucej1@spotify.com,Bigender,2.13.231.86
687,Obadias,Major,omajorj2@dell.com,Male,121.10.25.94
688,Wait,Skipsea,wskipseaj3@mysql.com,Male,93.125.78.30
689,Malcolm,Thorby,mthorbyj4@g.co,Male,255.128.7.55
690,Vonni,Haggerstone,vhaggerstonej5@virginia.edu,Female,22.17.56.78
691,Beatrisa,Crummay,bcrummayj6@ca.gov,Female,85.106.155.187
692,Carlee,Trustey,ctrusteyj7@biblegateway.com,Female,122.136.138.78
693,Ryley,O'Mannion,romannionj8@elpais.com,Male,42.42.5.19
694,Norene,Scullion,nscullionj9@t.co,Female,185.29.202.46
695,Stewart,Malam,smalamja@baidu.com,Male,164.52.133.51
696,Julieta,Sinkin,jsinkinjb@technorati.com,Female,241.53.72.39
697,Lynnell,Cunnington,lcunningtonjc@disqus.com,Female,145.176.205.78
698,Janina,Saltman,jsaltmanjd@economist.com,Female,31.252.72.133
699,Tedda,Staples,tstaplesje@eventbrite.com,Female,73.23.117.28
700,Boycie,Morde,bmordejf@google.com.au,Male,227.168.5.119
701,Winnie,Dymidowski,wdymidowskijg@blogtalkradio.com,Male,73.213.128.187
702,Brocky,Scutcheon,bscutcheonjh@cnn.com,Male,23.110.11.209
703,Lilly,Groves,lgrovesji@seattletimes.com,Female,191.9.152.168
704,Felipa,Bannester,fbannesterjj@washingtonpost.com,Agender,61.176.128.186
705,Kippar,Rippingall,krippingalljk@t-online.de,Male,173.235.154.130
706,Eleonore,Lichtfoth,elichtfothjl@a8.net,Female,145.15.119.59
707,Tiphany,Sonnenschein,tsonnenscheinjm@nasa.gov,Female,22.220.41.96
708,Ken,Rudsdale,krudsdalejn@alibaba.com,Male,54.46.181.31
709,Barbette,Itzcovichch,bitzcovichchjo@who.int,Female,49.14.32.130
710,Sherman,Phizacklea,sphizackleajp@vkontakte.ru,Male,166.250.235.38
711,Stacia,Dabrowski,sdabrowskijq@bloglovin.com,Female,213.4.113.222
712,Winnie,Woolley,wwoolleyjr@who.int,Male,215.30.15.48
713,Julian,Archley,jarchleyjs@ustream.tv,Male,203.79.113.94
714,Eadith,Melin,emelinjt@cnet.com,Female,206.22.41.124
715,Yank,Sparwell,ysparwellju@hp.com,Male,110.53.68.138
716,Rici,Lenton,rlentonjv@go.com,Female,105.43.132.82
717,Bradney,Girsch,bgirschjw@unesco.org,Male,56.193.226.236
718,Catherine,Parlatt,cparlattjx@google.com.br,Female,251.175.116.224
719,Mona,Stoaks,mstoaksjy@bbb.org,Female,167.130.151.217
720,Katerina,Alner,kalnerjz@weibo.com,Female,132.36.147.201
721,Hermon,Werrit,hwerritk0@youtu.be,Male,119.227.253.68
722,Antonietta,Friend,afriendk1@live.com,Female,68.210.97.42
723,Cole,Mewrcik,cmewrcikk2@ca.gov,Male,53.97.65.129
724,Flora,McPhillips,fmcphillipsk3@oakley.com,Bigender,181.96.163.208
725,Rozalie,Onele,ronelek4@icq.com,Female,200.221.77.86
726,August,Goodered,agooderedk5@mlb.com,Male,111.184.204.164
727,Elberta,Lucock,elucockk6@pagesperso-orange.fr,Bigender,104.193.218.135
728,Marice,Kingsnoad,mkingsnoadk7@amazon.co.uk,Female,83.154.197.230
729,Frasier,McCollum,fmccollumk8@google.ca,Male,96.233.16.135
730,Otto,Fenck,ofenckk9@wikispaces.com,Male,144.73.107.117
731,Francklyn,Hallgarth,fhallgarthka@cocolog-nifty.com,Male,67.6.209.63
732,Rayna,Blockey,rblockeykb@who.int,Female,201.93.66.134
733,Cherilyn,Rickets,cricketskc@mayoclinic.com,Female,142.231.70.63
734,Lyndsey,Sange,lsangekd@yahoo.com,Female,62.23.214.32
735,Blinny,Whenham,bwhenhamke@cloudflare.com,Female,27.162.33.135
736,Latisha,Bortolomei,lbortolomeikf@wp.com,Female,171.166.175.190
737,Haydon,Guilloux,hguillouxkg@nature.com,Male,211.150.73.183
738,Elwin,O'Dennehy,eodennehykh@wikia.com,Male,19.29.119.118
739,Sigrid,Cheesley,scheesleyki@admin.ch,Female,132.200.195.236
740,Ignace,Pow,ipowkj@over-blog.com,Male,106.75.79.105
741,Corissa,Fannin,cfanninkk@nifty.com,Female,19.57.201.108
742,Liza,Petrichat,lpetrichatkl@adobe.com,Female,62.182.10.63
743,Joye,Riddiough,jriddioughkm@php.net,Female,224.208.163.83
744,Alleyn,Pracy,apracykn@nbcnews.com,Male,71.181.237.13
745,Mickey,Caddies,mcaddiesko@vinaora.com,Male,136.199.51.203
746,Kellina,Ruddlesden,kruddlesdenkp@mapquest.com,Female,129.110.47.198
747,Alvan,McCaughey,amccaugheykq@constantcontact.com,Male,227.173.29.64
748,Gal,Airlie,gairliekr@blinklist.com,Male,139.146.50.174
749,Dominick,Thorouggood,dthorouggoodks@photobucket.com,Male,231.149.198.147
750,Barbabas,McPaike,bmcpaikekt@walmart.com,Male,181.80.141.174
751,Olenka,O'Hannen,oohannenku@cloudflare.com,Female,206.197.218.131
752,Milty,Chapling,mchaplingkv@imgur.com,Male,90.94.11.84
753,Daniela,Labitt,dlabittkw@washington.edu,Female,117.101.229.158
754,Dougy,Cregin,dcreginkx@webs.com,Genderfluid,93.187.38.213
755,Orran,Barbary,obarbaryky@psu.edu,Male,125.245.24.215
756,Ursola,Philipeau,uphilipeaukz@flickr.com,Female,211.213.93.111
757,Bryna,Learoyd,blearoydl0@epa.gov,Agender,54.240.29.61
758,Aland,Tomasutti,atomasuttil1@google.it,Male,54.167.34.196
759,Penni,Aldous,paldousl2@springer.com,Female,11.240.233.137
760,Berny,Conboy,bconboyl3@examiner.com,Male,71.198.137.28
761,Prue,Thorndale,pthorndalel4@amazonaws.com,Female,74.124.82.203
762,Roxine,Rennison,rrennisonl5@howstuffworks.com,Female,250.74.255.105
763,Ross,Swadlin,rswadlinl6@washington.edu,Male,6.74.196.235
764,Reider,Filon,rfilonl7@soup.io,Male,146.240.144.138
765,Tanner,Gomm,tgomml8@google.it,Male,26.54.202.91
766,Sephira,Coltart,scoltartl9@nih.gov,Bigender,204.77.99.4
767,Cozmo,Veart,cveartla@cloudflare.com,Male,16.255.137.128
768,Meier,Marcu,mmarculb@facebook.com,Male,161.246.247.136
769,Dwain,Skpsey,dskpseylc@imageshack.us,Male,89.157.80.189
770,Helga,Hollow,hhollowld@time.com,Female,160.130.136.190
771,Meara,Cheers,mcheersle@opensource.org,Genderfluid,115.219.204.110
772,Mandie,Pittendreigh,mpittendreighlf@engadget.com,Female,178.0.99.72
773,Joane,McRobb,jmcrobblg@reverbnation.com,Female,151.26.68.100
774,Karoly,Pakes,kpakeslh@sohu.com,Female,200.199.13.155
775,Oriana,Godding,ogoddingli@wufoo.com,Female,83.155.139.117
776,Etan,Zorzoni,ezorzonilj@a8.net,Male,44.20.64.54
777,Ario,Clemencon,aclemenconlk@reuters.com,Male,20.78.98.109
778,Candice,Goldup,cgoldupll@forbes.com,Non-binary,207.92.169.6
779,Latia,Glentworth,lglentworthlm@jalbum.net,Female,58.94.58.24
780,Bunnie,Adelberg,badelbergln@g.co,Female,99.148.93.112
781,Theodosia,Mattersley,tmattersleylo@theglobeandmail.com,Female,252.216.165.248
782,Conn,Hallard,challardlp@oakley.com,Male,195.124.118.191
783,Veda,Heaford,vheafordlq@51.la,Female,176.84.158.228
784,Mace,Coffelt,mcoffeltlr@nsw.gov.au,Male,219.9.178.159
785,Cari,Klejna,cklejnals@amazon.com,Female,91.103.39.140
786,Kania,Zottoli,kzottolilt@quantcast.com,Female,108.115.149.251
787,Nita,Vose,nvoselu@reference.com,Female,125.85.206.119
788,Georges,Wallace,gwallacelv@github.com,Male,35.105.27.185
789,Bunnie,McMillan,bmcmillanlw@yellowpages.com,Female,179.96.132.190
790,Britteny,Giacopazzi,bgiacopazzilx@amazon.de,Female,87.18.68.67
791,Nataniel,Wrenn,nwrennly@yandex.ru,Male,148.231.119.54
792,Xymenes,Bradmore,xbradmorelz@domainmarket.com,Male,22.118.96.251
793,Renaud,Piggrem,rpiggremm0@cpanel.net,Male,19.88.235.209
794,Eleonore,Goodhay,egoodhaym1@ocn.ne.jp,Female,26.94.220.235
795,Osgood,Firebrace,ofirebracem2@dyndns.org,Male,140.43.37.71
796,Sybilla,Piccop,spiccopm3@msu.edu,Female,104.129.163.115
797,Chloe,Callis,ccallism4@nih.gov,Female,166.194.18.219
798,Chev,Trumpeter,ctrumpeterm5@hao123.com,Male,26.68.75.223
799,Denys,Jaulme,djaulmem6@nba.com,Male,167.50.62.36
800,Web,Faraday,wfaradaym7@sun.com,Male,133.47.205.106
801,Omero,Ferrillo,oferrillom8@addtoany.com,Male,143.254.243.124
802,Bo,Laherty,blahertym9@devhub.com,Male,57.0.169.18
803,Rayna,Watford,rwatfordma@digg.com,Genderfluid,109.52.59.205
804,Orson,Ranyelld,oranyelldmb@de.vu,Male,171.114.214.30
805,Goldy,Sealey,gsealeymc@yale.edu,Female,54.16.110.179
806,Crista,Laherty,clahertymd@mediafire.com,Non-binary,132.97.199.224
807,Imelda,Summons,isummonsme@fema.gov,Female,174.69.147.9
808,Terrell,McCaffery,tmccafferymf@hatena.ne.jp,Male,145.207.233.228
809,Fedora,Hurn,fhurnmg@techcrunch.com,Female,198.131.95.69
810,Chico,Scurrah,cscurrahmh@sohu.com,Male,235.116.112.26
811,Eleen,Blackhall,eblackhallmi@plala.or.jp,Female,189.236.236.159
812,Rustin,Ranscomb,rranscombmj@bloglovin.com,Male,39.56.134.100
813,Ajay,Dansey,adanseymk@reuters.com,Genderqueer,67.212.50.240
814,Buck,Hulance,bhulanceml@technorati.com,Male,51.167.208.147
815,Jason,Gives,jgivesmm@google.ca,Male,125.49.190.27
816,Isa,Toothill,itoothillmn@alexa.com,Female,42.246.12.188
817,Nerti,Humes,nhumesmo@nbcnews.com,Female,134.116.5.29
818,Julee,Garley,jgarleymp@go.com,Female,106.205.249.35
819,Prinz,McBeath,pmcbeathmq@tuttocitta.it,Male,14.55.145.71
820,Lelia,Tregona,ltregonamr@gov.uk,Female,210.73.22.106
821,Wain,Camolli,wcamollims@cocolog-nifty.com,Male,216.179.154.203
822,Christie,Giacomello,cgiacomellomt@blogger.com,Male,0.54.96.65
823,Lodovico,Frizzell,lfrizzellmu@miibeian.gov.cn,Male,119.53.83.133
824,Floria,Durek,fdurekmv@jigsy.com,Female,185.224.17.26
825,Roosevelt,Geeritz,rgeeritzmw@sciencedaily.com,Genderqueer,114.147.224.122
826,Nataniel,Privett,nprivettmx@1688.com,Agender,120.30.11.66
827,Ardith,Parkins,aparkinsmy@guardian.co.uk,Female,92.3.31.191
828,Donalt,Cholton,dcholtonmz@netscape.com,Male,114.8.190.166
829,Gena,Bluck,gbluckn0@nps.gov,Bigender,104.248.26.144
830,Rozanne,Gatherell,rgatherelln1@newsvine.com,Female,114.40.28.156
831,Vernor,Rushbrooke,vrushbrooken2@posterous.com,Male,51.191.119.2
832,Emmott,Blythin,eblythinn3@discuz.net,Male,140.200.43.197
833,Oliver,Priddey,opriddeyn4@comcast.net,Male,181.204.199.158
834,Georges,Capener,gcapenern5@usatoday.com,Male,132.197.199.238
835,Lizbeth,Lednor,llednorn6@uol.com.br,Genderqueer,10.135.185.0
836,Leroi,Sleit,lsleitn7@sogou.com,Male,19.129.26.186
837,Humphrey,McQuorkell,hmcquorkelln8@friendfeed.com,Male,87.145.119.28
838,Rubi,Bedlington,rbedlingtonn9@e-recht24.de,Female,220.21.34.2
839,Arly,Wakeham,awakehamna@nba.com,Female,235.67.73.131
840,Gregorius,Janoschek,gjanoscheknb@home.pl,Male,205.156.103.103
841,Dulcinea,Fenkel,dfenkelnc@upenn.edu,Female,31.24.126.130
842,Huntley,Oxtaby,hoxtabynd@umich.edu,Male,88.60.202.192
843,Lorrin,Baser,lbaserne@utexas.edu,Non-binary,238.42.203.81
844,Griffy,Handslip,ghandslipnf@reverbnation.com,Male,140.74.127.116
845,Lavena,Dradey,ldradeyng@bloglines.com,Female,200.132.115.78
846,Neils,Eustace,neustacenh@cdc.gov,Genderqueer,3.206.147.214
847,Thedric,Swindells,tswindellsni@mayoclinic.com,Male,130.171.92.78
848,Theresita,Cassell,tcassellnj@mac.com,Genderqueer,135.204.62.54
849,Riley,Stellin,rstellinnk@theglobeandmail.com,Male,236.213.115.69
850,Shanta,Dickin,sdickinnl@google.ru,Female,45.1.151.212
851,Alina,Shovelton,ashoveltonnm@nsw.gov.au,Female,82.193.55.141
852,Simone,Charpin,scharpinnn@arstechnica.com,Genderqueer,109.32.221.207
853,Klemens,Sauven,ksauvenno@prlog.org,Male,250.50.152.142
854,Rosie,Gibson,rgibsonnp@wikia.com,Female,93.163.194.94
855,Em,Kerner,ekernernq@washingtonpost.com,Agender,32.56.128.152
856,Dalt,MacCall,dmaccallnr@scientificamerican.com,Agender,25.179.94.252
857,Joshuah,Melhuish,jmelhuishns@ebay.co.uk,Male,35.83.70.39
858,Minni,Rennick,mrennicknt@drupal.org,Genderfluid,76.44.75.71
859,Osbourne,Churchin,ochurchinnu@ebay.co.uk,Male,131.235.170.152
860,Dorothy,Darridon,ddarridonnv@icq.com,Female,131.44.167.16
861,Rory,Chalice,rchalicenw@java.com,Male,200.87.237.40
862,Lynnette,Frankis,lfrankisnx@china.com.cn,Female,49.226.44.176
863,Bianca,Daleman,bdalemanny@illinois.edu,Female,29.32.197.5
864,Catha,Sparkes,csparkesnz@guardian.co.uk,Female,160.127.152.88
865,Milty,Kincaid,mkincaido0@surveymonkey.com,Male,121.8.237.7
866,Lowell,Avrahamov,lavrahamovo1@hibu.com,Male,219.180.254.71
867,Silvana,Giacobini,sgiacobinio2@epa.gov,Female,128.21.44.122
868,Maxine,Thyer,mthyero3@xinhuanet.com,Female,137.114.105.95
869,Oswell,Voce,ovoceo4@usa.gov,Male,126.143.34.90
870,Michele,Carnachen,mcarnacheno5@parallels.com,Female,113.171.33.149
871,Bogey,Spore,bsporeo6@google.es,Male,153.171.37.192
872,Rriocard,Hadrill,rhadrillo7@printfriendly.com,Male,217.143.222.12
873,Karlene,Burfitt,kburfitto8@over-blog.com,Genderqueer,99.90.129.14
874,Tommy,Morpeth,tmorpetho9@google.es,Female,211.246.144.39
875,Bertrand,Deverock,bdeverockoa@unc.edu,Male,230.12.181.57
876,Saundra,Keling,skelingob@mayoclinic.com,Polygender,81.195.19.251
877,Loren,Nelsen,lnelsenoc@meetup.com,Female,171.111.141.57
878,Othelia,Ronaghan,oronaghanod@tumblr.com,Female,227.166.103.11
879,Floyd,Birrane,fbirraneoe@edublogs.org,Male,158.15.10.199
880,Corbie,Erridge,cerridgeof@theguardian.com,Polygender,240.37.16.161
881,Siana,Whichelow,swhichelowog@xing.com,Female,86.208.125.82
882,Curr,Fletham,cflethamoh@dyndns.org,Male,83.215.219.154
883,Vicky,Winnard,vwinnardoi@freewebs.com,Female,91.141.63.98
884,Karim,Pascoe,kpascoeoj@etsy.com,Bigender,151.41.115.68
885,Phillida,Mabbutt,pmabbuttok@opera.com,Female,249.201.248.202
886,Gerek,Deguara,gdeguaraol@mediafire.com,Agender,198.230.214.204
887,Lindi,Hulse,lhulseom@howstuffworks.com,Female,108.79.87.89
888,Clemmy,Soigne,csoigneon@typepad.com,Female,87.17.230.245
889,Erena,Bardnam,ebardnamoo@hp.com,Female,92.222.64.143
890,Amalle,Chawner,achawnerop@1688.com,Female,127.244.16.97
891,Elana,Denisovich,edenisovichoq@accuweather.com,Female,163.5.170.238
892,Enrichetta,Craker,ecrakeror@trellian.com,Female,63.110.194.233
893,Maurene,Shoobridge,mshoobridgeos@reuters.com,Female,105.56.110.254
894,Alane,Blowick,ablowickot@si.edu,Female,116.225.235.214
895,Fancy,McCook,fmccookou@msu.edu,Genderfluid,86.171.81.181
896,Rochette,Seakin,rseakinov@intel.com,Female,96.187.42.64
897,Humbert,Grishanin,hgrishaninow@cornell.edu,Male,206.111.19.17
898,Aloysius,Kingsnorth,akingsnorthox@discuz.net,Male,8.21.10.66
899,Lonnie,Paff,lpaffoy@jimdo.com,Male,230.37.63.162
900,Florrie,Berrick,fberrickoz@spotify.com,Female,73.203.86.195
901,Shandie,Titchener,stitchenerp0@dagondesign.com,Female,169.241.79.41
902,Terry,Astall,tastallp1@meetup.com,Female,41.217.192.242
903,Margarete,Meller,mmellerp2@vinaora.com,Female,132.251.76.221
904,Daisy,Stockhill,dstockhillp3@virginia.edu,Female,231.114.79.252
905,Chiquia,Tatem,ctatemp4@gmpg.org,Female,34.87.139.183
906,Edgard,Burrow,eburrowp5@linkedin.com,Male,109.139.197.175
907,Skelly,Abrey,sabreyp6@samsung.com,Male,20.86.242.44
908,Clarissa,Matteotti,cmatteottip7@hao123.com,Female,131.205.149.88
909,Ardene,O'Heyne,aoheynep8@wikia.com,Female,158.65.173.35
910,Katharyn,Mistry,kmistryp9@lycos.com,Female,232.198.48.181
911,Giffard,Willes,gwillespa@smugmug.com,Male,143.61.131.145
912,Myrtice,Woods,mwoodspb@ifeng.com,Bigender,80.229.176.161
913,Paulita,Wickardt,pwickardtpc@weebly.com,Female,67.141.122.3
914,Mildred,Flint,mflintpd@goo.ne.jp,Genderqueer,141.177.250.74
915,Marijn,Dunkerley,mdunkerleype@ustream.tv,Male,69.35.23.160
916,Sigismund,Kyte,skytepf@dropbox.com,Male,242.44.148.188
917,Jenn,Pessolt,jpessoltpg@t-online.de,Female,126.68.229.22
918,Thea,McMurthy,tmcmurthyph@creativecommons.org,Female,189.119.169.31
919,Jan,Balnave,jbalnavepi@netscape.com,Male,202.77.239.172
920,Rennie,Willacot,rwillacotpj@mapquest.com,Female,18.85.13.203
921,Gabriel,Frood,gfroodpk@dell.com,Male,232.115.193.10
922,Rodrique,Leaton,rleatonpl@about.me,Male,54.211.198.200
923,Krishnah,Jiles,kjilespm@sina.com.cn,Male,129.132.125.185
924,Sandro,Cammoile,scammoilepn@prnewswire.com,Male,53.61.103.169
925,Harmonie,Ziehms,hziehmspo@drupal.org,Female,63.249.251.207
926,Darice,Learoyd,dlearoydpp@marriott.com,Female,228.90.150.146
927,Jefferson,Wileman,jwilemanpq@rakuten.co.jp,Non-binary,137.150.53.26
928,Hamnet,Oakman,hoakmanpr@auda.org.au,Male,233.127.131.128
929,Joeann,Greenham,jgreenhamps@jimdo.com,Female,234.67.43.102
930,Alexander,Goakes,agoakespt@cbslocal.com,Male,181.239.78.169
931,Dolf,Moston,dmostonpu@berkeley.edu,Male,235.243.19.235
932,Erek,Jerdein,ejerdeinpv@netscape.com,Male,195.48.247.130
933,Barty,Czajkowski,bczajkowskipw@xinhuanet.com,Male,147.192.18.87
934,Christian,Newitt,cnewittpx@ucsd.edu,Female,121.170.124.24
935,Beverley,Fear,bfearpy@diigo.com,Female,18.34.254.101
936,Kynthia,Dunnett,kdunnettpz@meetup.com,Female,106.67.29.87
937,Alvinia,Neicho,aneichoq0@exblog.jp,Female,152.46.19.38
938,Claresta,Swinyard,cswinyardq1@skyrock.com,Female,0.192.52.207
939,Nyssa,Kayzer,nkayzerq2@theguardian.com,Female,76.39.205.121
940,Cornall,McCrainor,cmccrainorq3@comsenz.com,Male,93.17.127.92
941,Iormina,Haynes,ihaynesq4@plala.or.jp,Female,111.114.42.36
942,Syman,Cordeau,scordeauq5@hexun.com,Male,188.119.149.35
943,Billi,Jacmar,bjacmarq6@ifeng.com,Female,142.28.186.111
944,Darbee,Lotze,dlotzeq7@lycos.com,Male,175.153.111.222
945,Johan,Dragoe,jdragoeq8@istockphoto.com,Male,186.27.16.162
946,Colver,Shawcroft,cshawcroftq9@xing.com,Male,243.252.231.147
947,Myrtle,Borles,mborlesqa@java.com,Female,120.249.15.251
948,Abram,Beagan,abeaganqb@dedecms.com,Male,202.170.79.240
949,Sonia,Stennet,sstennetqc@hibu.com,Female,247.100.6.178
950,Kerwin,Ennor,kennorqd@soup.io,Genderfluid,8.223.172.85
951,Rory,Tolliday,rtollidayqe@prweb.com,Male,164.181.205.211
952,Kinsley,Easterfield,keasterfieldqf@gov.uk,Male,250.128.128.12
953,Randene,Bruckner,rbrucknerqg@printfriendly.com,Female,118.193.110.255
954,Ferguson,Attewell,fattewellqh@wikispaces.com,Male,114.149.154.125
955,Abner,Donaghie,adonaghieqi@economist.com,Male,227.141.82.176
956,Esta,Bau,ebauqj@w3.org,Female,39.21.70.144
957,Borg,Walkden,bwalkdenqk@globo.com,Male,19.135.196.29
958,Luciana,Bartos,lbartosql@meetup.com,Female,65.105.137.146
959,Dahlia,Cockerham,dcockerhamqm@posterous.com,Female,213.108.52.72
960,Nicky,Laxon,nlaxonqn@fotki.com,Female,211.64.205.137
961,Carney,McKnockiter,cmcknockiterqo@yellowbook.com,Male,67.175.248.189
962,Ally,Boydell,aboydellqp@fotki.com,Female,70.217.195.136
963,Alma,Lampke,alampkeqq@cyberchimps.com,Female,163.52.179.53
964,Lazarus,Wicken,lwickenqr@unesco.org,Male,104.171.41.38
965,Ruthi,Cosson,rcossonqs@live.com,Female,104.112.127.60
966,Berri,Clendening,bclendeningqt@independent.co.uk,Female,249.255.81.115
967,Darryl,Mead,dmeadqu@washingtonpost.com,Male,22.180.248.246
968,Sherlocke,Leaburn,sleaburnqv@delicious.com,Agender,238.222.159.238
969,Jeri,Betty,jbettyqw@opensource.org,Female,187.32.90.152
970,Perice,De Giovanni,pdegiovanniqx@ycombinator.com,Male,121.43.75.244
971,Dorella,Oakshott,doakshottqy@behance.net,Agender,114.81.50.48
972,Noah,Yanne,nyanneqz@imageshack.us,Male,14.112.204.14
973,Jacynth,Rattery,jratteryr0@mlb.com,Female,103.86.163.161
974,Anette,Bruinemann,abruinemannr1@mashable.com,Female,22.36.235.230
975,Lillis,cornhill,lcornhillr2@soundcloud.com,Female,212.95.226.225
976,Winifred,Hawick,whawickr3@istockphoto.com,Female,184.48.165.102
977,Alex,Cartwight,acartwightr4@patch.com,Male,51.124.96.11
978,Bernardine,Chern,bchernr5@cafepress.com,Female,31.184.125.249
979,Neal,Uglow,nuglowr6@usatoday.com,Male,119.226.45.187
980,Cully,Vida,cvidar7@discuz.net,Bigender,39.2.106.112
981,Kevan,Hardson,khardsonr8@people.com.cn,Genderfluid,107.132.238.109
982,Querida,Royan,qroyanr9@craigslist.org,Female,214.62.87.44
983,Kimberly,Kirkness,kkirknessra@google.es,Female,178.141.187.210
984,Sande,Padbury,spadburyrb@smugmug.com,Female,228.168.64.14
985,Charles,Isakovitch,cisakovitchrc@shop-pro.jp,Male,163.65.50.98
986,Chuck,Clues,ccluesrd@is.gd,Male,100.235.25.197
987,Curr,Ruddlesden,cruddlesdenre@kickstarter.com,Male,63.96.253.250
988,Rita,Bearham,rbearhamrf@imdb.com,Female,0.28.197.229
989,Jasen,Schulter,jschulterrg@icq.com,Male,186.116.48.137
990,Randie,Morby,rmorbyrh@seattletimes.com,Male,205.167.236.4
991,Marjory,Ackwood,mackwoodri@bbb.org,Female,18.19.165.61
992,Yule,Duthie,yduthierj@histats.com,Male,26.50.188.214
993,Godfrey,Raine,grainerk@google.co.uk,Male,96.74.100.148
994,Dominique,Gilbard,dgilbardrl@vistaprint.com,Female,154.40.165.166
995,Rafaelia,Klimentov,rklimentovrm@google.de,Female,76.45.215.51
996,Bernhard,Bromhead,bbromheadrn@unicef.org,Male,29.129.5.210
997,Jermain,Ollington,jollingtonro@washington.edu,Male,182.151.100.154
998,Joelynn,Goering,jgoeringrp@nps.gov,Genderqueer,220.34.51.26
999,Agnes,Hunnaball,ahunnaballrq@army.mil,Female,43.30.192.105
1000,Grace,Grimsey,ggrimseyrr@washingtonpost.com,Female,238.151.217.51
